Time,CPU Usage (%),RAM Usage
1693842120.431581,57.15,6657199308.8
1693842120.5135052,53.55,6796252317.81768
1693842120.5954294,60.0,7063427622.515312
1693842120.6773536,55.55,7231420143.074688
1693842120.7592778,54.15,7265466627.241388
1693842120.841202,50.0,7309727056.658098
1693842120.9231262,58.35,7366620523.620873
1693842121.0050504,54.55,7419840554.134084
1693842121.0869746,100.0,7905271741.542456
1693842121.1688988,56.25,7963061168.614881
1693842121.250823,56.25,8503325114.733833
1693842121.3327472,57.15,8643990851.948883
1693842121.4146714,55.55,8686100977.102434
1693842121.4965956,53.85,8689147241.475245
1693842121.5785198,62.5,8599909614.554104
1693842121.660444,57.15,8615499320.462013
1693842121.7423682,61.55,9459045763.697493
1693842121.8242924,64.3,9767704021.471918
1693842121.9062166,59.1,9755070983.925854
1693842121.9881408,72.75,9096002727.267311
1693842122.070065,56.25,7781629246.410755
1693842122.1519892,55.55,7847751102.502926
1693842122.2339134,54.15,8053553139.689531
1693842122.3158376,60.0,8273869730.652468
1693842122.3977618,66.65,8438188814.762278
1693842122.479686,55.0,8518287648.564988
1693842122.5616102,54.15,8529307957.913683
1693842122.6435344,55.55,8476535907.455297
1693842122.7254586,60.0,8458079129.196508
1693842122.8073828,66.65,8451090640.341238
1693842122.889307,60.0,8654563181.242754
1693842122.9712312,68.75,8775607392.056469
1693842123.0531554,70.0,9148595585.703766
1693842123.1350796,70.0,9231292703.824461
1693842123.2170038,60.0,8518377244.5759535
1693842123.298928,55.55,7902673457.22447
1693842123.3808522,60.0,8119854187.803632
1693842123.4627764,58.35,7941020549.917491
1693842123.5447006,57.15,7952936819.375835
1693842123.6266248,60.0,8139654906.226896
1693842123.708549,54.15,8332465521.823578
1693842123.7904732,50.0,8408980515.187688
1693842123.8723974,54.55,8464888426.029848
1693842123.9543216,57.15,8495530261.779879
1693842124.0362458,54.55,8500278850.361023
1693842124.11817,56.25,8489168945.001363
1693842124.2000942,55.0,8434873762.356573
1693842124.2820184,58.35,8562637673.992663
1693842124.3639426,59.4,8816373577.045544
1693842124.4458668,62.5,9277524245.4824
1693842124.527791,66.65,9421325843.081226
1693842124.6097152,64.3,9616555550.973963
1693842124.6916394,56.25,8316248643.838912
1693842124.7735636,65.0,8274048922.674397
1693842124.8554878,58.35,8240271226.540592
1693842124.937412,57.15,8226652632.873912
1693842125.0193362,55.0,8218320203.854167
1693842125.1012604,56.25,8255771336.437537
1693842125.1831846,55.0,8305407526.512148
1693842125.2651088,54.55,8422957492.898228
1693842125.347033,57.15,8700167550.823938
1693842125.4289572,55.55,8861888350.615765
1693842125.5108814,60.0,8970478715.905346
1693842125.5928056,57.15,9015187125.37688
1693842125.6747298,66.65,8940912032.286896
1693842125.756654,60.0,9179595805.497656
1693842125.8385782,61.1,9866170037.522453
1693842125.9205024,62.5,10134958070.417456
1693842126.0024266,68.75,10241666919.47677
1693842126.0843506,64.3,10407509135.772987
1693842126.1662748,64.3,10724679014.589088
1693842126.248199,68.75,10932810548.060783
1693842126.3301232,61.1,10652733417.784193
1693842126.4120474,56.25,8817896709.231949
1693842126.4939716,61.1,8838951771.808723
1693842126.5758958,57.15,8870758355.7013
1693842126.65782,58.35,8891634226.256145
1693842126.7397442,55.55,8867174515.2627
1693842126.8216684,60.0,8909553428.449144
1693842126.9035926,58.35,8720774633.34589
1693842126.9855168,56.25,8653577625.122139
1693842127.067441,55.55,9032120771.449265
1693842127.1493652,64.3,9302879916.585497
1693842127.2312894,61.1,9546939450.454159
1693842127.3132136,75.0,9779978674.974123
1693842127.3951378,65.0,10351870012.963722
1693842127.477062,57.15,10509558992.262121
1693842127.5589862,64.3,10612236020.828012
1693842127.6409104,55.55,9222153910.706032
1693842127.7228346,55.55,8472145702.918013
1693842127.8047588,58.35,8478954999.751353
1693842127.886683,60.0,8519362800.6965685
1693842127.9686072,55.0,8600357594.608929
1693842128.0505314,60.0,8773188299.760414
1693842128.1324556,55.0,9025042686.58303
1693842128.2143798,55.55,9304044664.728043
1693842128.296304,62.5,9333521752.335527
1693842128.3782282,55.0,9325637303.370607
1693842128.4601524,62.5,9294637083.576717
1693842128.5420766,55.0,9249301502.028427
1693842128.6240008,66.65,9622468887.697653
1693842128.705925,66.65,10329918990.277296
1693842128.7878492,66.65,10522729605.873978
1693842128.8697734,68.75,10705236680.209682
1693842128.9516976,62.5,11001799476.503834
1693842129.0336218,64.3,10847963125.67693
1693842129.115546,56.25,9589945535.717358
1693842129.1974702,62.5,8812431352.563084
1693842129.2793944,55.55,8819957417.484144
1693842129.3613186,59.1,8844148340.444695
1693842129.4432428,57.15,8882585029.14868
1693842129.525167,57.15,8909911812.493004
1693842129.6070912,60.0,9332267408.182016
1693842129.6890154,55.55,9521852567.383957
1693842129.7709396,53.85,9528393076.184402
1693842129.8528638,56.25,9519702263.120798
1693842129.934788,56.25,9448204646.370728
1693842130.0167122,62.5,9685275691.384117
1693842130.0986364,66.65,10340043339.516342
1693842130.1805606,66.65,10475960488.150246
1693842130.2624848,61.1,10156729901.081951
1693842130.344409,56.25,8682965116.718658
1693842130.4263332,58.35,8619441544.944473
1693842130.5082574,60.0,8566938282.518984
1693842130.5901816,58.35,8613886592.264645
1693842130.6721058,50.0,8900773019.374575
1693842130.75403,55.55,9078441909.118172
1693842130.8359542,57.15,9191870458.99986
1693842130.9178784,56.25,9230755127.75867
1693842130.9998026,58.35,9193035207.142406
1693842131.0817268,60.0,9209431277.149002
1693842131.163651,55.55,9208176932.995491
1693842131.2455752,58.35,9378946929.894783
1693842131.3274994,80.75,9551419251.002407
1693842131.4094236,100.0,9752472699.607868
1693842131.4913478,75.0,10314060496.33649
1693842131.573272,71.45,10764549239.468513
1693842131.6551962,62.5,10879052941.481783
1693842131.7371204,60.0,10947683485.880974
1693842131.8190446,75.0,10960226927.416073
1693842131.9009688,71.45,11288865095.635696
1693842131.982893,65.0,11434010633.398994
1693842132.0648172,64.3,11403368797.648966
1693842132.1467414,56.25,10053246508.417376
1693842132.2286656,56.25,9343735697.585537
1693842132.3105898,62.5,9383247538.421103
1693842132.392514,56.25,9382261982.300488
1693842132.4744382,54.55,9375900665.521973
1693842132.5563624,60.0,9350276206.385983
1693842132.6382866,55.55,9485207798.899273
1693842132.7202108,54.55,9502320636.993587
1693842132.802135,62.5,9950031903.785694
1693842132.8840592,69.25,9957737160.728683
1693842132.9659834,66.65,10088995316.79241
1693842133.0479076,62.5,10455532597.650227
1693842133.1298318,66.65,10987105730.705574
1693842133.211756,64.3,11042296873.460014
1693842133.2936802,58.35,9898424601.469854
1693842133.3756044,53.85,9039646836.370325
1693842133.4575286,55.55,9015097529.365915
1693842133.5394528,57.15,9023967534.45145
1693842133.621377,62.5,9078710697.151066
1693842133.7033012,57.15,9139725580.61823
1693842133.7852254,55.55,9351261762.506598
1693842133.8671496,56.25,9560020468.055048
1693842133.9490738,54.15,9784637667.544304
1693842134.030998,55.0,9707047522.048615
1693842134.1129222,54.55,9769854325.735079
1693842134.1948464,62.5,9515491250.605442
1693842134.2767706,57.15,9467467788.728203
1693842134.3586948,62.5,9486014162.997957
1693842134.440619,58.35,9821999204.116709
1693842134.5225432,61.1,10443885116.224777
1693842134.6044674,60.0,10780855713.464142
1693842134.6863916,75.0,10763294895.315002
1693842134.7683158,81.25,10854682826.499304
1693842134.85024,62.5,9162751755.436235
1693842134.9321642,66.65,7902404669.191576
1693842135.0140884,56.25,7262868342.923403
1693842135.0960126,55.55,7545185373.474119
1693842135.1779368,60.0,7734053764.58834
1693842135.259861,58.35,7843629685.998535
1693842135.3417852,56.25,7872121217.485405
1693842135.4237094,56.25,7907780429.849476
1693842135.5056336,55.0,7838164329.32967
1693842135.5875578,57.15,7836730793.15423
1693842135.669482,53.85,7845690394.2507305
1693842135.7514062,57.15,7964673896.812251
1693842135.8333304,69.25,8114299235.123801
1693842135.9152546,66.65,8670063291.139698
1693842135.9971788,81.25,8934461119.497416
1693842136.079103,61.1,9599442712.879648
1693842136.1610272,64.3,9458687379.653633
1693842136.2429514,58.35,7754481655.08836
1693842136.3248756,65.0,7638186032.855789
1693842136.4067998,75.0,7624746631.21104
1693842136.488724,58.35,7665512816.200114
1693842136.5706482,50.0,7750629026.616865
1693842136.6525724,56.25,7976142186.215771
1693842136.7344966,62.5,8426630929.347793
1693842136.8164208,54.55,8470264186.687748
1693842136.898345,56.25,8457272765.097823
1693842136.9802692,56.25,8441414271.157018
1693842137.0621934,54.55,8424122241.040773
1693842137.1441176,57.15,8419104864.426733
1693842137.2260418,58.35,8380220195.667923
1693842137.3079658,55.0,9096629899.344067
1693842137.38989,56.25,9439334641.285192
1693842137.4718142,62.5,9516566402.737022
1693842137.5537384,61.1,9488074871.250153
1693842137.6356626,63.65,8342948255.1064825
1693842137.7175868,58.35,7602885204.53558
1693842137.799511,50.0,7679848177.9545145
1693842137.8814352,55.0,7871942025.463475
1693842137.9633594,55.0,7987968859.663151
1693842138.0452836,56.25,8094140132.656676
1693842138.1272078,55.55,8135712681.744436
1693842138.209132,54.15,8156946936.343142
1693842138.2910562,56.25,8134279145.568996
1693842138.3729804,57.15,8198071505.376077
1693842138.4549046,62.5,8171819874.163332
1693842138.5368288,55.0,8463544485.865373
1693842138.618753,62.5,8609406791.716394
1693842138.7006772,58.35,8928906166.817585
1693842138.7826014,68.75,9212387945.510845
1693842138.8645256,66.65,9701044589.313957
1693842138.9464498,62.5,9882476511.518084
1693842139.028374,60.0,10012032343.373474
1693842139.1102982,56.25,8741650503.900734
1693842139.1922224,56.25,7945052370.410915
1693842139.2741466,56.25,7939855801.774946
1693842139.3560708,62.5,8367855946.154753
1693842139.437995,55.55,8391688485.071443
1693842139.5199192,55.0,8427616485.468408
1693842139.6018434,54.55,8440070330.992543
1693842139.6837676,57.15,8452344984.494748
1693842139.7656918,53.85,8433350630.170168
1693842139.847616,55.0,8384699996.216173
1693842139.9295402,53.85,8558068277.433449
1693842140.0114644,56.25,8744875960.295475
1693842140.0933886,66.65,9076112412.83308
1693842140.1753128,56.25,9311749921.671032
1693842140.257237,68.75,9925840980.825144
1693842140.3391612,68.75,9795478784.871069
1693842140.4210854,70.0,9667983661.267874
1693842140.5030096,57.15,7989581587.860521
1693842140.5849338,54.55,8034289997.332056
1693842140.666858,55.0,8227190208.939702
1693842140.7487822,60.0,8410414051.363128
1693842140.8307064,55.0,8483703588.332499
1693842140.9126306,56.25,8521154720.915869
1693842140.9945548,56.25,8563892018.1461735
1693842141.076479,55.55,8486122680.628553
1693842141.1584032,55.55,8409518091.253478
1693842141.2403274,54.55,8259534368.898067
1693842141.3222516,55.0,8535490082.670268
1693842141.4041758,58.35,8636375191.01686
1693842141.4861,87.5,8717817964.984043
1693842141.5680242,68.75,9127898907.17085
1693842141.6499484,68.75,9759192400.430244
1693842141.7318726,62.5,9991604452.873455
1693842141.8137968,63.65,10127521601.50736
1693842141.895721,62.5,10133972514.29684
1693842141.9776452,62.5,10515113944.941952
1693842142.0595694,66.65,10619851681.760036
1693842142.1414936,66.65,9935606946.020329
1693842142.2234178,56.25,8386939896.490297
1693842142.305342,57.15,8469457822.589063
1693842142.3872662,65.0,8518735628.619813
1693842142.4691904,56.25,8531906242.231668
1693842142.5511146,56.25,8502966730.689973
1693842142.6330388,56.25,8545883219.942208
1693842142.714963,56.25,8612453056.089203
1693842142.7968872,56.25,8863590674.8241
1693842142.8788114,60.0,9165170847.732292
1693842142.9607356,72.2,9171532164.510807
1693842143.0426598,56.25,9285677482.480217
1693842143.124584,62.5,9779889078.963158
1693842143.2065082,60.0,10128596753.63894
1693842143.2884324,50.0,8365168065.825803
1693842143.3703566,58.35,8356746040.795093
1693842143.4522808,57.15,8298329441.645912
1693842143.534205,50.0,8283187715.792828
1693842143.6161292,56.25,8362211397.463958
1693842143.6980534,62.5,8679739660.32392
1693842143.7799776,56.25,8940643244.254
1693842143.8619018,55.0,9082115345.567736
1693842143.943826,55.55,9134887396.026121
1693842144.0257502,58.35,9093314846.93836
1693842144.1076744,62.5,9114549101.537066
1693842144.1895986,57.15,9070826248.186146
1693842144.2715228,55.0,9004435604.06108
1693842144.353447,65.0,9079606657.260715
1693842144.4353712,55.55,9781591403.171494
1693842144.5172954,56.25,10045899635.518246
1693842144.5992196,60.0,10512336468.602037
1693842144.6811438,65.0,10494148478.37614
1693842144.763068,70.0,9537173485.258972
1693842144.8449922,60.0,8110894586.707131
1693842144.9269164,57.15,8106952362.224671
1693842145.0088406,57.15,8106862766.213707
1693842145.0907648,58.35,8302809242.194162
1693842145.172689,64.3,8776682544.18805
1693842145.2546132,64.3,9054878158.234375
1693842145.3365374,55.0,9096271515.300205
1693842145.4184616,58.35,9066615235.670792
1693842145.5003858,60.0,9059805938.83745
1693842145.58231,57.15,9060791494.958065
1693842145.6642342,56.25,9021010866.089605
1693842145.7461584,66.65,8961250326.77595
1693842145.8280826,66.65,9796643533.013615
1693842145.9100068,66.65,10035327306.224375
1693842145.991931,77.8,10385737305.108492
1693842146.0738552,75.0,10774763184.718523
1693842146.1557794,64.3,10663753727.132887
1693842146.2377036,66.65,8830440150.76705
1693842146.3196278,54.55,8829544190.6574
1693842146.401552,55.55,8820584589.5609
1693842146.4834762,55.0,8830619342.788979
1693842146.5654004,58.35,8877030076.46885
1693842146.6473246,60.0,9022265210.243114
1693842146.7292488,53.85,9219197242.344187
1693842146.811173,58.35,9466571828.618553
1693842146.8930972,58.35,9572384717.568218
1693842146.9750214,58.35,9593977356.210783
1693842147.0569456,58.35,9539502981.544064
1693842147.1388698,66.65,9516566402.737022
1693842147.220794,66.65,10040434278.84938
1693842147.3027182,61.1,10307788775.568941
1693842147.3846424,65.0,10494775650.452896
1693842147.4665666,71.45,10934064892.214294
1693842147.5484908,62.5,11095606499.984188
1693842147.630415,60.0,10702190415.836872
1693842147.7123392,66.65,8995744790.997475
1693842147.7942634,50.0,9000582975.589584
1693842147.8761876,75.0,9011513688.927315
1693842147.9581118,54.55,9038661280.24971
1693842148.040036,56.25,9103349600.166441
1693842148.1219602,56.25,9322501442.986832
1693842148.2038844,60.0,9670402753.563929
1693842148.2858086,54.15,9738585317.908295
1693842148.3677328,60.0,9489777195.458488
1693842148.449657,54.55,9526601155.965103
1693842148.5315812,50.0,9451340506.754501
1693842148.6135051,64.3,9754354215.838133
1693842148.6954293,62.5,10359575269.906712
1693842148.7773535,66.65,10633380679.415752
1693842148.8592777,68.75,10711777189.010128
1693842148.941202,62.5,10845185649.337013
1693842149.0231261,66.65,11293344896.183945
1693842149.1050503,61.1,10937379944.619999
1693842149.1869745,55.55,9178789441.398972
1693842149.2688987,75.0,9265787168.045986
1693842149.350823,50.0,9333342560.313597
1693842149.4327471,57.15,9428493523.958427
1693842149.5146713,54.55,9468632536.870747
1693842149.5965955,56.25,9635370713.276613
1693842149.6785197,58.35,9638954553.715214
1693842149.760444,55.55,9892780052.779058
1693842149.8423681,55.55,10137466758.724476
1693842149.9242923,62.5,10088995316.79241
1693842150.0062165,62.5,10103689062.59067
1693842150.0881407,62.5,10454188657.485752
1693842150.170065,62.5,11144346729.94915
1693842150.2519891,60.0,10956105510.911684
1693842150.3339133,60.0,9289709302.97364
1693842150.4158375,64.3,9188555406.594156
1693842150.4977617,77.25,9185329950.199417
1693842150.579686,50.0,9243388165.304737
1693842150.6616101,55.55,9425357663.574652
1693842150.7435343,56.25,9716275911.178009
1693842150.8254585,55.55,9903173190.050999
1693842150.9073827,56.25,10047153979.671755
1693842150.989307,55.0,10013734667.58181
1693842151.0712311,55.55,10001191226.04671
1693842151.1531553,55.55,9980763335.54669
1693842151.2350795,55.0,9930589569.406288
1693842151.3170037,100.0,9971893330.461155
1693842151.398928,68.75,10328127070.057997
1693842151.4808521,68.75,10779601369.310633
1693842151.5627763,68.75,10999380384.207779
1693842151.6447005,60.0,11605318206.364077
1693842151.7266247,65.0,11755122736.697557
1693842151.808549,70.0,11206078381.504036
1693842151.8904731,57.15,9358608635.405727
1693842151.9723973,57.15,9389519259.188652
1693842152.0543215,55.0,9485118202.888308
1693842152.1362457,56.25,9614046862.666943
1693842152.21817,60.0,9838395274.123304
1693842152.3000941,62.5,9995636273.366879
1693842152.3820183,56.25,10334488386.836512
1693842152.4639425,56.25,10450067240.981361
1693842152.5458667,56.25,10441376427.917757
1693842152.627791,56.25,10431520866.711607
1693842152.7097151,60.0,10386902053.251036
1693842152.7916393,64.3,10390575489.700602
1693842152.8735635,60.0,10464402602.735762
1693842152.9554877,55.55,10651479073.630682
1693842153.037412,64.3,10733190635.630762
1693842153.1193361,55.55,10882815973.942314
1693842153.2012603,57.15,10969007336.490643
1693842153.2831845,63.65,10772075304.389572
1693842153.3651087,56.25,9361565303.767572
1693842153.447033,57.15,9462540008.125128
1693842153.5289571,55.55,9649526883.009083
1693842153.6108813,54.15,10189074061.040316
1693842153.6928055,55.0,10279297244.082071
1693842153.7747297,65.0,10242652475.597385
1693842153.856654,57.15,10207262051.26621
1693842153.9385781,58.35,10206366091.15656
1693842154.0205023,55.0,10219088724.71359
1693842154.1024265,61.1,10262632386.04258
1693842154.1843507,64.3,10422471669.604141
1693842154.266275,56.25,10707834964.527668
1693842154.3481991,56.25,10981192393.981884
1693842154.4301233,58.35,10991675127.26479
1693842154.5120475,56.25,10948937830.034485
1693842154.5939717,54.15,10948310657.95773
1693842154.675896,50.0,10870272532.407213
1693842154.7578201,62.5,11336798961.50197
1693842154.8397443,65.0,11895250897.846817
1693842154.9216685,59.1,11980367108.263569
1693842155.0035927,62.5,11974543367.550842
1693842155.085517,60.0,10498986662.968252
1693842155.1674411,54.15,10329560606.233437
1693842155.2493653,60.0,10241935707.509666
1693842155.3312895,55.55,10228137921.821056
1693842155.4132137,54.15,10120174728.60823
1693842155.495138,58.35,10097148553.790226
1693842155.5770621,57.15,10133793322.27491
1693842155.6589863,56.25,10247311468.167566
1693842155.7409105,53.85,10427309854.19625
1693842155.8228347,58.35,10829775135.451033
1693842155.904759,54.55,10891148402.962059
1693842155.9866831,62.5,10812483105.33479
1693842156.0686073,66.65,10820188362.277779
1693842156.1505315,66.65,11172211089.359264
1693842156.2324557,61.1,11672336022.565897
1693842156.31438,62.5,11952144364.809593
1693842156.3963041,60.0,10843483325.128677
1693842156.4782283,62.5,10142752923.37141
1693842156.5601525,58.35,9976821111.06423
1693842156.6420767,59.1,9984257579.974325
1693842156.724001,58.35,10076003895.202484
1693842156.8059251,58.35,10247669852.211426
1693842156.8878493,57.15,10373462651.606285
1693842156.9697735,56.25,10341387279.680817
1693842157.0516977,55.55,10449529664.915571
1693842157.133622,58.35,10442451580.049335
1693842157.2155461,55.55,10367818102.915491
1693842157.2974703,55.0,10331621314.48563
1693842157.3793945,54.55,10321048985.191761
1693842157.4613187,62.5,10733996999.729448
1693842157.543243,60.0,11282414182.846214
1693842157.6251671,65.0,11570734146.131586
1693842157.7070913,60.0,11550754235.68639
1693842157.7890155,57.15,9881132571.35361
1693842157.8709397,62.5,9790103024.21317
1693842157.952864,56.25,9770839881.855694
1693842158.0347881,58.35,9769764729.724113
1693842158.1167123,57.15,9774154934.261398
1693842158.1986365,55.55,9835796989.805319
1693842158.2805607,58.35,10057188732.899836
1693842158.362485,58.35,10422919649.658966
1693842158.4444091,55.0,10549250025.119617
1693842158.5263333,54.55,10542261536.264347
1693842158.6082575,54.55,10519952129.534061
1693842158.6901817,58.35,10416199948.836592
1693842158.772106,59.1,10497821914.825706
1693842158.8540301,66.65,11362333824.626995
1693842158.9359543,61.1,11481944499.26527
1693842159.0178785,64.3,11262344676.390055
1693842159.0998027,55.0,10163360005.89336
1693842159.181727,57.15,9610104638.184483
1693842159.2636511,58.35,9638148189.616528
1693842159.3455753,58.35,9763224220.923668
1693842159.4274995,55.0,9995725869.377846
1693842159.5094237,57.15,10202244674.65217
1693842159.591348,50.0,10291392705.562346
1693842159.6732721,57.15,10314956456.44614
1693842159.7551963,55.55,10312178980.106226
1693842159.8371203,55.0,10303219379.009726
1693842159.9190445,60.0,10293901393.869366
1693842160.0009687,54.55,10496119590.61737
1693842160.082893,57.15,10603903591.808268
1693842160.164817,66.65,10954223994.68142
1693842160.2467413,60.0,11467519541.499905
1693842160.3286655,62.5,11790333969.006802
1693842160.4105897,59.1,11576557886.84431
1693842160.492514,62.5,9966159185.759396
1693842160.574438,50.0,9815100311.272404
1693842160.6563623,56.25,9802825657.770199
1693842160.7382865,50.0,9791267772.355713
1693842160.8202107,57.15,9862675793.094818
1693842160.902135,58.35,10155833940.972301
1693842160.984059,50.0,10516905865.161251
1693842161.0659833,55.55,10632036739.251278
1693842161.1479075,60.0,10621195621.924513
1693842161.2298317,53.55,10572365795.948587
1693842161.311756,55.0,10521296069.698536
1693842161.39368,66.65,10452217545.244522
1693842161.4756043,60.7,10418887829.165543
1693842161.5575285,66.65,11154739867.221088
1693842161.6394527,66.65,11463039740.951656
1693842161.721377,61.1,11507210574.3574
1693842161.803301,60.0,10432596018.843185
1693842161.8852253,56.25,9662249516.566113
1693842161.9671495,60.0,9772631802.074993
1693842162.0490737,62.5,9831317189.257069
1693842162.130998,56.25,10065521161.91958
1693842162.212922,56.25,10246057124.014055
1693842162.2948463,57.15,10330904546.397911
1693842162.3767705,58.35,10358679309.797062
1693842162.4586947,62.5,10346494252.30582
1693842162.540619,57.15,10208785183.452616
1693842162.622543,60.0,10093295925.31873
1693842162.7044673,54.55,10229750650.018425
1693842162.7863915,55.0,10454278253.496716
1693842162.8683157,66.65,10626123402.527588
1693842162.95024,62.5,11002247456.558659
1693842163.032164,60.0,11164595428.427238
1693842163.1140883,66.65,11164057852.36145
1693842163.1960125,62.5,10025382149.00726
1693842163.2779367,56.25,10054859236.614744
1693842163.359861,62.5,10028607605.402
1693842163.441785,62.5,10043032563.167364
1693842163.5237093,68.75,10043032563.167364
1693842163.6056335,56.25,10099388454.06435
1693842163.6875577,56.25,10291751089.606205
1693842163.769482,66.65,10650941497.564892
1693842163.851406,56.25,10803971484.293114
1693842163.9333303,66.65,10959599755.33932
1693842164.0152545,56.25,10971516024.797665
1693842164.0971787,56.25,10946608333.749393
1693842164.179103,56.25,10932362568.005959
1693842164.261027,57.15,10862477679.453259
1693842164.3429513,56.25,10814006237.521193
1693842164.4248755,68.75,11677801379.234762
1693842164.5067997,62.5,11925982329.607813
1693842164.588724,62.5,12260892218.594984
1693842164.670648,62.5,12017011876.748253
1693842164.7525723,62.5,10705236680.209682
1693842164.8344965,55.0,10738297608.255768
1693842164.9164207,62.5,10750482665.747007
1693842164.998345,55.0,10751199433.834728
1693842165.080269,57.15,10744390137.001389
1693842165.1621933,55.0,10790711274.670292
1693842165.2441175,55.0,10855041210.543163
1693842165.3260417,55.55,10990241591.089348
1693842165.407966,56.25,11155367039.297844
1693842165.48989,58.35,11544213726.885946
1693842165.5718143,62.5,11536866853.986816
1693842165.6537385,53.85,11496190265.008705
1693842165.7356627,57.15,11461427012.754286
1693842165.817587,70.0,11754674756.642733
1693842165.899511,60.0,12403708260.073196
1693842165.9814353,59.1,12576897349.26854
1693842166.0633595,60.0,12195307938.568604
1693842166.1452837,62.5,10482411400.939728
1693842166.227208,56.25,10347300616.404507
1693842166.309132,58.35,10344433544.053627
1693842166.3910563,54.55,10353930721.215916
1693842166.4729805,50.0,10470495131.481382
1693842166.5549047,55.55,10757829538.646137
1693842166.636829,53.85,11100355088.565334
1693842166.718753,56.25,11241827189.87907
1693842166.8006773,54.15,11291104995.90982
1693842166.8826015,54.15,11310816118.32212
1693842166.9645257,55.0,11225789503.916336
1693842167.04645,54.15,11233942740.91415
1693842167.128374,56.25,11188875947.398754
1693842167.2102983,93.75,11306246721.762905
1693842167.2922225,93.75,12059301193.923733
1693842167.3741467,62.5,12198891779.007204
1693842167.456071,62.5,12293773954.61914
1693842167.537995,62.5,12090301413.717625
1693842167.6199193,56.25,10473272607.821297
1693842167.7018435,56.25,10680060201.128517
1693842167.7837677,56.25,10792055214.834768
1693842167.865692,66.65,10903154268.431368
1693842167.947616,75.0,11031007776.078424
1693842168.0295403,68.75,11119797422.94474
1693842168.1114645,62.5,11359914732.33094
1693842168.1933887,56.25,11385449595.455967
1693842168.275313,56.25,11391004548.135796
1693842168.357237,56.25,11384732827.368246
1693842168.4391613,57.15,11375146054.19499
1693842168.5210855,56.25,11380253026.819996
1693842168.6030097,56.25,11336171789.425217
1693842168.684934,55.55,11326316228.219067
1693842168.766858,60.0,11247650930.591795
1693842168.8487823,62.5,11959670429.730652
1693842168.9307065,58.35,12273166872.09719
1693842169.0126307,66.65,12349054693.384544
1693842169.094555,62.5,12123362341.76371
1693842169.176479,75.0,10494775650.452896
1693842169.2584033,62.5,10955657530.85686
1693842169.3403275,75.0,11026527975.530174
1693842169.4222517,56.25,11055915467.126694
1693842169.504176,56.25,11077776893.802155
1693842169.5861,66.65,11080464774.131104
1693842169.6680243,62.5,10831387863.648403
1693842169.7499485,56.25,10899122447.937943
1693842169.8318727,56.25,10911038717.396288
1693842169.913797,68.75,10932720952.049818
1693842169.995721,56.25,10955030358.780104
1693842170.0776453,62.5,11179557962.258396
1693842170.1595695,56.25,11287610751.482185
1693842170.2414937,56.25,11401576877.429665
1693842170.323418,55.55,11506045826.214855
1693842170.405342,62.5,11562580909.13377
1693842170.4872663,68.75,11837640662.796322
1693842170.5691905,75.0,12111446072.305363
1693842170.6511147,83.35,12624293639.069027
1693842170.733039,62.5,12374231172.46571
1693842170.814963,68.75,10886579006.402843
1693842170.8968873,56.25,10786589858.165903
1693842170.9788115,62.5,10731488311.422428
1693842171.0607355,62.5,10721005578.139523
1693842171.1426597,50.0,10757919134.657103
1693842171.2245839,56.25,10793309558.988277
1693842171.306508,68.75,10834792512.065073
1693842171.3884323,66.65,10916772862.09805
1693842171.4703565,56.25,11140135717.433796
1693842171.5522807,56.25,11540361098.414452
1693842171.6342049,56.25,11566343941.594301
1693842171.716129,62.5,11625387712.820236
1693842171.7980533,71.45,11628613169.214977
1693842171.8799775,62.5,11580500111.32677
1693842171.9619017,72.2,11546722415.192966
1693842172.0438259,62.5,11645815603.320257
1693842172.12575,62.5,12205253095.785719
1693842172.2076743,62.5,12578241289.433016
1693842172.2895985,77.8,12646065469.73352
1693842172.3715227,68.75,12485240630.051346
1693842172.4534469,75.0,11501566025.666607
1693842172.535371,75.0,10708014156.549599
1693842172.6172953,72.2,10639562804.172337
1693842172.6992195,50.0,10644132200.731552
1693842172.7811437,56.25,10753349738.097889
1693842172.8630679,50.0,11116482370.539036
1693842172.944992,60.0,11344325026.42303
1693842173.0269163,57.15,11435623361.596367
1693842173.1088405,57.15,11515901387.421005
1693842173.1907647,55.0,11189771907.508404
1693842173.2726889,55.55,11153216735.034683
1693842173.354613,58.35,11358749984.188396
1693842173.4365373,53.85,11520381187.969257
1693842173.5184615,75.0,11476747930.629301
1693842173.6003857,58.35,11555592420.278502
1693842173.6823099,64.3,11896057261.945503
1693842173.764234,57.15,12479596081.36055
1693842173.8461583,60.0,12357924698.47008
1693842173.9280825,59.1,10781034905.486073
1693842174.0100067,62.5,10661334634.836832
1693842174.0919309,70.85,10654166953.959633
1693842174.173855,50.0,10672444540.196493
1693842174.2557793,56.25,10720915982.128557
1693842174.3377035,62.5,10851009390.049738
1693842174.4196277,62.5,11053048394.775814
1693842174.5015519,56.25,11261269524.258476
1693842174.583476,56.25,11498071781.238972
1693842174.6654003,56.25,11524592200.484612
1693842174.7473245,66.65,11569300609.956146
1693842174.8292487,56.25,11552635751.916656
1693842174.9111729,64.3,11503985117.962662
1693842174.993097,66.65,11451929835.591995
1693842175.0750213,81.25,12089226261.586044
1693842175.1569455,70.0,12399497247.55784
1693842175.2388697,64.3,12532099343.786041
1693842175.3207939,64.3,12623756063.003235
1693842175.402718,62.5,12305152648.011696
1693842175.4846423,58.35,11068727696.694689
1693842175.5665665,58.35,11274708925.903225
1693842175.6484907,57.15,11264047000.598389
1693842175.7304149,55.0,11285102063.175165
1693842175.812339,57.15,11322732387.780464
1693842175.8942633,68.2,11346654522.70812
1693842175.9761875,66.65,11526742504.747772
1693842176.0581117,68.75,11863981890.020033
1693842176.1400359,66.65,11885305740.629704
1693842176.22196,62.5,11846331475.859928
1693842176.3038843,62.5,11811568223.605507
1693842176.3858085,68.75,12361956518.963505
1693842176.4677327,62.5,12439367472.437265
1693842176.5496569,56.25,12477804161.14125
1693842176.631581,63.65,12455405158.400002
