Time,CPU Usage (%),RAM Usage
1693906265.4721556,0.0,5400903680
1693906265.4878576,20.0,5402075136
1693906265.5034847,8.3,5404942336
1693906265.518738,33.3,5408702464
1693906265.5345833,30.0,5417140224
1693906265.5505157,25.0,5421297664
1693906265.5658386,25.0,5431795712
1693906265.5836618,20.0,5433913344
1693906265.5992844,12.5,5433937920
1693906265.6149075,9.1,5434077184
1693906265.630553,12.5,5434150912
1693906265.6464932,12.5,5434531840
1693906265.6622057,20.0,5435539456
1693906265.6778338,10.0,5437304832
1693906265.6934524,14.3,5436846080
1693906265.70908,14.3,5436833792
1693906265.7250125,12.5,5437222912
1693906265.740295,0.0,5437026304
1693906265.7671847,25.0,5437718528
1693906265.782809,14.3,5438468096
1693906265.798433,33.3,5444763648
1693906265.814057,28.6,5444026368
1693906265.8297646,11.8,5444038656
1693906265.8453028,0.0,5445828608
1693906265.860926,12.5,5445906432
1693906265.8765495,50.0,5445894144
1693906265.8922155,33.3,5445881856
1693906265.907796,0.0,5447315456
1693906265.9234905,33.3,5449924608
1693906265.9391332,16.7,5450457088
1693906265.9546666,0.0,5451636736
1693906265.9702883,20.0,5451878400
1693906265.9859157,11.1,5454934016
1693906266.001536,25.0,5454999552
1693906266.0171592,30.0,5455835136
1693906266.0327833,66.7,5457313792
1693906266.0484064,30.0,5457616896
1693906266.0641062,66.7,5459472384
1693906266.0797358,14.3,5459460096
1693906266.0952764,0.0,5459316736
1693906266.1109862,37.5,5459300352
1693906266.1265905,33.3,5462999040
1693906266.1421528,0.0,5458939904
1693906266.1577764,44.4,5458915328
1693906266.1733992,25.0,5458927616
1693906266.189016,10.0,5458743296
1693906266.2046392,70.0,5458612224
1693906266.2202647,62.5,5458726912
1693906266.2358882,37.5,5469769728
1693906266.2515888,25.0,5468737536
1693906266.2671318,0.0,5475028992
1693906266.282831,12.5,5475028992
1693906266.2983785,0.0,5477097472
1693906266.3142302,100.0,5477130240
1693906266.3303568,100.0,5477101568
1693906266.3459811,100.0,5477101568
1693906266.3616042,100.0,5479186432
1693906266.3772278,100.0,5481283584
1693906266.3928509,100.0,5483380736
1693906266.4240987,100.0,5483429888
1693906266.5049791,100.0,5484146688
1693906266.5273879,100.0,5486444544
1693906266.5413399,100.0,5485584384
1693906266.5523038,87.5,5487874048
1693906266.5683713,100.0,5491314688
1693906266.5839953,100.0,5487681536
1693906266.5996192,100.0,5518151680
1693906266.6360157,100.0,5523324928
1693906266.6672633,100.0,5527519232
1693906266.6828866,100.0,5527482368
1693906266.6985092,37.5,5529567232
1693906266.714133,37.5,5529477120
1693906266.7297564,100.0,5529276416
1693906266.7450175,100.0,5530226688
1693906266.7607083,100.0,5535453184
1693906266.7845275,35.3,5542436864
1693906266.8001523,28.6,5541941248
1693906266.8157725,14.3,5542092800
1693906266.831396,12.5,5519032320
1693906266.8470912,16.7,5518008320
1693906266.8765032,8.3,5519294464
1693906266.8921266,20.0,5519933440
1693906266.9126742,31.6,5535703040
1693906266.9284148,16.7,5536014336
1693906266.9440386,0.0,5536194560
1693906266.9678702,10.0,5536522240
1693906266.9834995,11.1,5537918976
1693906267.0024958,28.6,5538541568
1693906267.0194004,36.4,5540175872
1693906267.0457053,20.0,5541322752
1693906267.0719168,25.0,5541888000
1693906267.0875268,0.0,5542100992
1693906267.1031692,14.3,5541744640
1693906267.118788,10.0,5542203392
1693906267.13441,14.3,5544255488
1693906267.1500425,7.7,5543161856
1693906267.1656656,25.0,5543641088
1693906267.18129,14.3,5543641088
1693906267.1969228,14.3,5551300608
1693906267.2125363,9.1,5550206976
1693906267.2280838,11.1,5550227456
1693906267.2432806,50.0,5552496640
1693906267.2584844,100.0,5553029120
1693906267.2741566,75.0,5555576832
1693906267.289779,75.0,5558247424
1693906267.3057065,75.0,5558525952
1693906267.3213317,42.9,5561434112
1693906267.3369527,44.4,5568831488
1693906267.3529994,37.5,5569454080
1693906267.3837261,35.3,5570265088
1693906267.3993485,28.6,5573447680
1693906267.4149718,22.2,5573738496
1693906267.4325988,40.0,5574066176
1693906267.4482224,33.3,5573951488
1693906267.4639132,37.5,5574250496
1693906267.4936194,38.9,5575925760
1693906267.50964,25.0,5576941568
1693906267.5338087,60.0,5577564160
1693906267.549362,33.3,5579333632
1693906267.5661573,50.0,5581684736
1693906267.582366,50.0,5582606336
1693906267.612835,33.3,5584379904
1693906267.6284537,33.3,5585162240
1693906267.644007,50.0,5587611648
1693906267.659629,30.0,5597810688
1693906267.6753235,28.6,5612703744
1693906267.6909492,18.2,5612797952
1693906267.7065697,28.6,5614972928
1693906267.722122,33.3,5615169536
1693906267.737744,28.6,5628801024
1693906267.7533672,33.3,5631148032
1693906267.7689905,25.0,5631307776
1693906267.7850025,33.3,5631307776
1693906267.8002455,72.7,5631741952
1693906267.8200781,88.9,5640642560
1693906267.8370225,55.6,5641326592
1693906267.8580241,62.5,5642731520
1693906267.8737981,57.1,5646856192
1693906267.8894205,55.6,5647986688
1693906267.9058402,50.0,5656465408
1693906267.9215405,60.0,5656920064
1693906267.936959,50.0,5656956928
1693906267.9628968,64.7,5657460736
1693906267.9785206,62.5,5657346048
1693906267.9962182,50.0,5661782016
1693906268.0183609,58.8,5662609408
1693906268.034578,62.5,5661851648
1693906268.0502002,50.0,5661212672
1693906268.073906,50.0,5661302784
1693906268.0897288,50.0,5661814784
1693906268.1053545,45.5,5663678464
1693906268.1277945,80.0,5665935360
1693906268.1433375,44.4,5667446784
1693906268.1733274,44.4,5669838848
1693906268.1889076,50.0,5671645184
1693906268.2161024,50.0,5687414784
1693906268.231728,37.5,5687603200
1693906268.247345,50.0,5689819136
1693906268.262969,42.9,5689966592
1693906268.2785957,37.5,5690396672
1693906268.2942116,27.3,5692743680
1693906268.3098397,37.5,5691449344
1693906268.3253894,66.7,5690671104
1693906268.3410134,50.0,5690609664
1693906268.3567076,37.5,5707902976
1693906268.3723361,42.9,5707845632
1693906268.3879623,60.0,5708349440
1693906268.4035864,33.3,5714886656
1693906268.4191303,37.5,5727404032
1693906268.435226,100.0,5728350208
1693906268.4557037,100.0,5738049536
1693906268.4739604,62.5,5738156032
1693906268.489583,71.4,5741752320
1693906268.5052066,55.6,5744365568
1693906268.5208356,62.5,5746814976
1693906268.536453,66.7,5750169600
1693906268.5520763,44.4,5750706176
1693906268.5675092,70.0,5752074240
1693906268.5866184,50.0,5752512512
1693906268.6039083,62.5,5754560512
1693906268.619532,62.5,5756432384
1693906268.6354377,75.0,5755953152
1693906268.651852,87.5,5760593920
1693906268.670149,71.4,5761118208
1693906268.6857722,62.5,5760856064
1693906268.7013948,44.4,5763174400
1693906268.7170188,50.0,5763072000
1693906268.7412653,64.7,5765103616
1693906268.7568884,62.5,5765558272
1693906268.7725112,62.5,5768564736
1693906268.7940767,77.8,5770186752
1693906268.8119037,75.0,5770313728
1693906268.8272955,88.9,5771427840
1693906268.8426762,88.9,5770952704
1693906268.8591335,87.5,5773967360
1693906268.8747585,62.5,5774061568
1693906268.9036398,64.7,5779357696
1693906268.9192624,62.5,5782765568
1693906268.934886,62.5,5794885632
1693906268.9505188,57.1,5793595392
1693906268.9661326,44.4,5796671488
1693906268.9817555,57.1,5796802560
1693906268.9973795,66.7,5810880512
1693906269.013003,75.0,5830692864
1693906269.0286264,50.0,5833469952
1693906269.0442488,57.1,5832388608
1693906269.0598726,55.6,5832126464
1693906269.075496,66.7,5831741440
1693906269.0911179,40.0,5833314304
1693906269.106742,57.1,5833105408
1693906269.1223652,44.4,5831786496
1693906269.1379893,71.4,5831421952
1693906269.1534321,70.0,5831360512
1693906269.169251,100.0,5833949184
1693906269.1864116,100.0,5838229504
1693906269.2045128,62.5,5841113088
1693906269.2201433,75.0,5842354176
1693906269.2358496,75.0,5842993152
1693906269.251666,75.0,5844230144
1693906269.2673054,62.5,5842644992
1693906269.296405,66.7,5813977088
1693906269.3126588,42.9,5814677504
1693906269.3425999,77.8,5814063104
1693906269.3642664,76.5,5813743616
1693906269.3798976,57.1,5814542336
1693906269.4074614,44.4,5813329920
1693906269.423086,50.0,5812420608
1693906269.4387083,50.0,5812572160
1693906269.4543316,50.0,5810962432
1693906269.4695487,88.9,5812342784
1693906269.4859862,50.0,5813501952
1693906269.5016096,75.0,5812039680
1693906269.5173078,50.0,5813026816
1693906269.5396917,50.0,5814624256
1693906269.5553024,75.0,5815185408
1693906269.5709257,50.0,5815750656
1693906269.596741,58.8,5818028032
1693906269.612366,57.1,5819232256
1693906269.630628,55.6,5818925056
1693906269.6462538,50.0,5820870656
1693906269.6618752,62.5,5825077248
1693906269.6774986,75.0,5825359872
1693906269.704916,68.8,5824757760
1693906269.720528,50.0,5827493888
1693906269.7361524,50.0,5827411968
1693906269.7517736,50.0,5828198400
1693906269.768865,50.0,5827444736
1693906269.7956986,50.0,5828296704
1693906269.8121963,62.5,5830283264
1693906269.8278193,62.5,5831663616
1693906269.8434422,62.5,5830750208
1693906269.8590639,50.0,5831155712
1693906269.875961,88.2,5833015296
1693906269.8923779,100.0,5844844544
1693906269.9113164,75.0,5863759872
1693906269.926482,100.0,5863206912
1693906269.9453428,62.5,5866127360
1693906269.9609644,62.5,5867208704
1693906269.9765868,62.5,5868281856
1693906269.9922106,62.5,5871132672
1693906270.0079808,87.5,5871583232
1693906270.0236044,57.1,5871370240
1693906270.0392265,44.4,5871804416
1693906270.0622878,50.0,5872414720
1693906270.0670385,87.5,5874909184
1693906270.0836618,62.5,5878996992
1693906270.099286,75.0,5878034432
1693906270.1149106,57.1,5877915648
1693906270.1348825,55.6,5877989376
1693906270.1505055,87.5,5878185984
1693906270.1661286,75.0,5881221120
1693906270.181751,50.0,5880143872
1693906270.2029037,50.0,5880655872
1693906270.2184489,50.0,5881241600
1693906270.234074,75.0,5881122816
1693906270.259376,70.6,5882929152
1693906270.2750006,62.5,5884317696
1693906270.290624,62.5,5884104704
1693906270.3102787,62.5,5887332352
1693906270.3262491,57.1,5888512000
1693906270.3418727,44.4,5888385024
1693906270.363588,82.4,5891280896
1693906270.3792121,62.5,5895258112
1693906270.3948348,80.0,5898129408
1693906270.410458,50.0,5897256960
1693906270.4260845,45.5,5896953856
1693906270.4417174,57.1,5897216000
1693906270.4573276,55.6,5898051584
1693906270.4730854,62.5,5895577600
1693906270.4888914,50.0,5895823360
1693906270.5049212,50.0,5896548352
1693906270.520539,62.5,5897592832
1693906270.529744,0.0,5893951488
1693906270.5453687,50.0,5892710400
1693906270.56099,57.1,5892972544
1693906270.5766146,62.5,5893881856
1693906270.5922377,44.4,5893926912
1693906270.607862,62.5,5893271552
1693906270.6234906,57.1,5893402624
1693906270.638872,90.0,5893533696
1693906270.654646,100.0,5895327744
1693906270.6907508,96.2,5895675904
1693906270.7066767,100.0,5869723648
1693906270.7234209,50.0,5866160128
1693906270.7390442,87.5,5868789760
1693906270.7546954,62.5,5869809664
1693906270.7702906,50.0,5869559808
1693906270.7859185,57.1,5870735360
1693906270.801537,44.4,5871394816
1693906270.8239334,75.0,5870358528
1693906270.839543,75.0,5873094656
1693906270.8553567,62.5,5899501568
1693906270.8709917,50.0,5910372352
1693906270.8954682,88.2,5938282496
1693906270.9115965,75.0,5935853568
1693906270.9272206,62.5,5942657024
1693906270.9428425,62.5,5942607872
1693906270.9586444,62.5,5942923264
1693906270.9745908,62.5,5943394304
1693906270.9924,75.0,5946449920
1693906271.018161,76.5,5947551744
1693906271.033783,57.1,5949059072
1693906271.05548,66.7,5950251008
1693906271.0711038,87.5,5952307200
1693906271.0867262,62.5,5953359872
1693906271.111681,70.6,5955469312
1693906271.1276574,50.0,5956153344
1693906271.1432824,50.0,5956804608
1693906271.158904,75.0,5956980736
1693906271.174528,62.5,5956460544
1693906271.190152,50.0,5956870144
1693906271.2057729,75.0,5957181440
1693906271.2216046,62.5,5960155136
1693906271.2372158,100.0,5959503872
1693906271.2528412,50.0,5960380416
1693906271.2684648,50.0,5960654848
1693906271.284088,57.1,5960949760
1693906271.2997115,50.0,5961428992
1693906271.3153348,44.4,5961601024
1693906271.3309565,87.5,5960818688
1693906271.346581,62.5,5961867264
1693906271.3622139,50.0,5961879552
1693906271.378353,100.0,5965746176
1693906271.3929174,100.0,5970153472
1693906271.4114377,100.0,5978169344
1693906271.4272804,87.5,5980073984
1693906271.4430163,75.0,5979418624
1693906271.4586382,62.5,5977640960
1693906271.4782832,50.0,5948248064
1693906271.493907,62.5,5948485632
1693906271.5095294,50.0,5949865984
1693906271.5251517,75.0,5951610880
1693906271.541539,66.7,5950562304
1693906271.5571501,40.0,5950279680
1693906271.5727737,71.4,5954293760
1693906271.5883977,55.6,5954711552
1693906271.6040213,87.5,5954322432
1693906271.6194673,77.8,5953343488
1693906271.6350963,66.7,5953871872
1693906271.6507187,50.0,5954134016
1693906271.6663425,71.4,5954396160
1693906271.6818943,90.0,5953875968
1693906271.7030308,50.0,5953609728
1693906271.718653,80.0,5954129920
1693906271.7342763,36.4,5954539520
1693906271.7628734,76.5,5955391488
1693906271.7784975,62.5,5955330048
1693906271.7941208,62.5,5954936832
1693906271.8097436,62.5,5955330048
1693906271.8371403,66.7,5956247552
1693906271.852763,55.6,5956710400
1693906271.88223,58.8,5956063232
1693906271.8978553,50.0,5955141632
1693906271.9147205,50.0,5956120576
1693906271.9303458,62.5,5967941632
1693906271.9459693,50.0,5967077376
1693906271.9615908,66.7,5967339520
1693906271.977214,44.4,5967884288
1693906271.9928372,55.6,5968801792
1693906272.0086575,66.7,5967241216
1693906272.0242746,50.0,5967060992
1693906272.039898,62.5,5966893056
1693906272.0555208,75.0,5967220736
1693906272.0713491,75.0,5968138240
1693906272.0896833,100.0,5960896512
1693906272.1177516,88.2,5960929280
1693906272.1333785,75.0,5960986624
1693906272.1500509,62.5,5959479296
1693906272.1661744,75.0,5961822208
1693906272.1817982,75.0,5966708736
1693906272.2102108,82.4,5952528384
1693906272.2258282,57.1,5952819200
1693906272.2411706,55.6,5953744896
1693906272.265736,100.0,5960921088
1693906272.2944713,100.0,5967065088
1693906272.335171,100.0,5972684800
1693906272.3534474,75.0,5975302144
1693906272.3704214,62.5,5976850432
1693906272.3966136,82.4,5977903104
1693906272.4122326,57.1,5979615232
1693906272.4278562,44.4,5979299840
1693906272.4437606,75.0,5982167040
1693906272.459385,66.7,5983059968
1693906272.475036,60.0,5983076352
1693906272.4926999,50.0,5982961664
1693906272.5083222,50.0,5986152448
1693906272.5239465,50.0,5984243712
1693906272.5395794,62.5,5985034240
1693906272.5647745,76.5,5984399360
1693906272.5805292,62.5,5984124928
1693906272.596152,50.0,5984620544
1693906272.6117823,57.1,5985439744
1693906272.6273987,55.6,5985878016
1693906272.6558242,50.0,5984477184
1693906272.6717043,50.0,5987336192
1693906272.687327,62.5,5988802560
1693906272.7128856,83.3,5989363712
1693906272.7285101,50.0,5990948864
1693906272.744132,55.6,5991108608
1693906272.7649372,66.7,5991919616
1693906272.7850597,76.5,5993070592
1693906272.8006837,62.5,5994721280
1693906272.8163068,50.0,5994614784
1693906272.8393164,50.0,5995868160
1693906272.8548713,75.0,5997375488
1693906272.8704944,62.5,5997146112
1693906272.8885212,62.5,6005846016
1693906272.9142866,70.6,6006112256
1693906272.933934,62.5,6012272640
1693906272.9495552,66.7,6012784640
1693906272.9651968,40.0,6013927424
1693906272.980813,50.0,6015090688
1693906272.9965007,50.0,6014988288
1693906273.0122027,62.5,6015455232
1693906273.0278244,62.5,6015590400
1693906273.0434463,62.5,6014808064
1693906273.0618267,50.0,6015619072
1693906273.0898576,58.8,5999235072
1693906273.1055593,50.0,5999087616
1693906273.1211066,50.0,5999218688
1693906273.1367283,50.0,5999349760
1693906273.1523495,75.0,5998698496
1693906273.1677678,100.0,5999583232
1693906273.183224,100.0,5998772224
1693906273.2001514,75.0,5999632384
1693906273.215764,75.0,6001664000
1693906273.2385597,93.8,6001639424
1693906273.257108,75.0,6001840128
1693906273.2727296,87.5,6002499584
1693906273.2883525,75.0,6004916224
1693906273.3037832,100.0,6002364416
1693906273.3233013,62.5,5977190400
1693906273.3389323,75.0,5977780224
1693906273.3549335,88.9,5975957504
1693906273.3705645,87.5,5976616960
1693906273.3867238,62.5,5976264704
1693906273.4027781,50.0,5978603520
1693906273.4184015,62.5,5976948736
1693906273.4340236,50.0,5978218496
1693906273.4515724,50.0,5971771392
1693906273.4756992,80.0,5955739648
1693906273.4913237,70.0,5955203072
1693906273.5076592,62.5,5955538944
1693906273.5232878,62.5,5955801088
1693906273.5389116,50.0,5956591616
1693906273.5545394,66.7,5955739648
1693906273.574774,50.0,5955731456
1693906273.5903976,62.5,5955477504
1693906273.6060205,75.0,5956771840
1693906273.6216447,75.0,5957935104
1693906273.651648,70.6,5958025216
1693906273.6672716,62.5,5958258688
1693906273.6835163,50.0,5959012352
1693906273.6991339,87.5,5961326592
1693906273.7172575,87.5,5976088576
1693906273.7347121,71.4,5981847552
1693906273.7503211,57.1,5994201088
1693906273.7659445,50.0,6001995776
1693906273.7815702,75.0,6010564608
1693906273.8034682,76.5,6011363328
1693906273.8191028,50.0,6012239872
1693906273.834726,62.5,6012420096
1693906273.8503742,75.0,6012231680
1693906273.866482,50.0,6012473344
1693906273.8821049,62.5,6013087744
1693906273.897732,62.5,6013288448
1693906273.9133563,57.1,6013284352
1693906273.928978,55.6,6012338176
1693906273.9445992,62.5,6021656576
1693906273.9602222,50.0,6021992448
1693906273.9758456,62.5,6022184960
1693906273.9914675,50.0,6022336512
1693906274.0073307,66.7,6022467584
1693906274.0227182,75.0,6022639616
1693906274.0383406,50.0,6023237632
1693906274.0539625,50.0,6022164480
1693906274.069586,75.0,6022242304
1693906274.0852087,75.0,6022492160
1693906274.1008348,50.0,6021771264
1693906274.1164541,66.7,6021976064
1693906274.1320767,50.0,6022111232
1693906274.1477065,57.1,6022123520
1693906274.1633363,57.1,6022266880
1693906274.178953,50.0,6022270976
1693906274.194574,40.0,6022549504
1693906274.2101939,62.5,6022135808
1693906274.2258172,83.3,6024364032
1693906274.2414415,50.0,6023630848
1693906274.2570643,75.0,6022766592
1693906274.272694,62.5,6022266880
1693906274.2883112,62.5,6023118848
1693906274.3039336,50.0,6023385088
1693906274.3195586,66.7,6023385088
1693906274.3351812,40.0,6022610944
1693906274.3508048,75.0,6022529024
1693906274.3664293,100.0,6024675328
1693906274.3820524,100.0,6025744384
1693906274.3976748,100.0,6022303744
1693906274.4132988,75.0,6023708672
1693906274.428921,87.5,6023757824
1693906274.4445446,87.5,6024814592
1693906274.4601674,75.0,6024556544
1693906274.4757912,75.0,6024429568
1693906274.4914227,75.0,6024605696
1693906274.507044,75.0,6025646080
1693906274.5226681,75.0,6030233600
1693906274.5382905,75.0,6028390400
1693906274.5539143,71.4,6028382208
1693906274.5695343,66.7,6028337152
1693906274.585226,62.5,6027984896
1693906274.6007793,87.5,5997047808
1693906274.6164029,57.1,5995577344
1693906274.632092,44.4,5995683840
1693906274.647649,62.5,5995114496
1693906274.6633043,62.5,6000836608
1693906274.6789794,62.5,6000484352
1693906274.6945188,75.0,6000226304
1693906274.7101421,75.0,5999849472
1693906274.7257717,57.1,6000291840
1693906274.7413952,44.4,6000328704
1693906274.7570186,50.0,6000267264
1693906274.7726405,50.0,6000119808
1693906274.7882593,50.0,5999796224
1693906274.8039494,50.0,5995151360
1693906274.819509,62.5,5995335680
1693906274.835128,75.0,5996490752
1693906274.8507516,87.5,5996314624
1693906274.8663754,100.0,5996642304
1693906274.881999,62.5,5998604288
1693906274.8976212,100.0,5998551040
1693906274.9132476,62.5,5999865856
1693906274.9288902,88.9,6014459904
1693906274.9444923,62.5,6013521920
1693906274.9601147,50.0,6014136320
1693906274.9757366,57.1,6014263296
1693906274.9913602,57.1,6014324736
1693906275.0069842,40.0,6014644224
1693906275.0226088,62.5,6014230528
1693906275.0382316,62.5,6015303680
1693906275.0538538,80.0,6015660032
1693906275.069478,36.4,6016917504
1693906275.0851014,62.5,6018224128
1693906275.1007235,62.5,6016421888
1693906275.1163466,62.5,6016454656
1693906275.1319706,100.0,6015696896
1693906275.1475942,41.7,6017835008
1693906275.1632187,75.0,6017671168
1693906275.178851,57.1,6017048576
1693906275.1944714,44.4,6017380352
1693906275.2100928,50.0,6017458176
1693906275.2257106,57.1,6016815104
1693906275.2413344,62.5,6017241088
1693906275.256959,55.6,6017273856
1693906275.2725816,75.0,6016487424
1693906275.2882054,62.5,6016655360
1693906275.3038275,62.5,6016397312
1693906275.3194513,66.7,6017052672
1693906275.335074,50.0,6017318912
1693906275.350697,50.0,6017327104
1693906275.3663216,100.0,6018007040
1693906275.381946,75.0,6021836800
1693906275.3975756,62.5,6029340672
1693906275.4131908,75.0,6030557184
1693906275.4288151,71.4,6030958592
1693906275.444439,66.7,6031585280
1693906275.460061,75.0,6032986112
1693906275.4756858,62.5,6035820544
1693906275.491308,62.5,6037516288
1693906275.5069304,87.5,6038921216
1693906275.5225554,100.0,6060650496
1693906275.5538723,81.8,6040399872
1693906275.5694253,66.7,6037549056
1693906275.5850496,80.0,6043455488
1693906275.6006715,62.5,6043758592
1693906275.6162949,50.0,6043750400
1693906275.631922,50.0,6043250688
1693906275.6475492,50.0,6043107328
1693906275.6631663,62.5,6043746304
1693906275.6788247,66.7,6042828800
1693906275.6944942,50.0,6042935296
1693906275.7100365,60.0,6043095040
1693906275.725658,62.5,6043099136
1693906275.7412817,75.0,6043160576
1693906275.756976,57.1,6043320320
1693906275.7725277,55.6,6043709440
1693906275.7881513,71.4,6043512832
1693906275.803775,44.4,6044360704
1693906275.8193984,50.0,6044471296
1693906275.835089,50.0,6044995584
1693906275.850645,71.4,6045650944
1693906275.8662703,77.8,6046064640
1693906275.8818927,66.7,6047522816
1693906275.8975153,40.0,6050152448
1693906275.9131386,62.5,6050562048
1693906275.9287622,100.0,6061453312
1693906275.944386,62.5,6062030848
1693906275.9600086,50.0,6062342144
1693906275.9756315,50.0,6062579712
1693906275.9912548,66.7,6063439872
1693906276.0068786,40.0,6062313472
1693906276.0225008,62.5,6062313472
1693906276.038135,50.0,6063521792
1693906276.053757,50.0,6064263168
1693906276.0693784,57.1,6064095232
1693906276.0850806,44.4,6064525312
1693906276.1006181,75.0,6062641152
1693906276.1163123,71.4,6063464448
1693906276.1318653,55.6,6063988736
1693906276.1475568,50.0,6063726592
1693906276.1631782,50.0,6063648768
1693906276.178734,66.7,6058385408
1693906276.194357,40.0,6058770432
1693906276.209981,62.5,6059528192
1693906276.225612,50.0,6058303488
1693906276.2412386,66.7,6058504192
1693906276.2568574,40.0,6058532864
1693906276.272474,50.0,6058541056
1693906276.2880988,100.0,6058430464
1693906276.3037224,87.5,6059622400
1693906276.3193455,100.0,6065500160
1693906276.3349693,87.5,6067380224
1693906276.3505929,87.5,6068760576
1693906276.3662164,75.0,6068678656
1693906276.3818383,75.0,6069215232
1693906276.3974695,62.5,6070239232
1693906276.4130862,62.5,6072832000
1693906276.4287093,75.0,6073942016
1693906276.4443405,66.7,6041673728
1693906276.459954,40.0,6042300416
1693906276.4755821,50.0,6042382336
1693906276.491201,62.5,6042918912
1693906276.5068252,75.0,6044176384
1693906276.5224495,62.5,6049005568
1693906276.5380728,57.1,6047330304
1693906276.5536964,55.6,6047223808
1693906276.569319,87.5,6047490048
1693906276.584942,87.5,6047449088
1693906276.6005673,75.0,6047653888
1693906276.6161885,50.0,6048321536
1693906276.6318865,50.0,6048403456
1693906276.6474345,50.0,6048473088
1693906276.663061,57.1,6048636928
1693906276.678688,50.0,6048260096
1693906276.694317,66.7,6049460224
1693906276.7099414,50.0,6049902592
1693906276.725552,50.0,6050496512
1693906276.741177,57.1,6050676736
1693906276.7568672,33.3,6051381248
1693906276.7724254,62.5,6051491840
1693906276.7880452,75.0,6052458496
1693906276.8037367,50.0,6052515840
1693906276.8192947,50.0,6052896768
1693906276.8349154,62.5,6053400576
1693906276.850607,50.0,6053691392
1693906276.8662453,50.0,6054346752
1693906276.8817852,62.5,6056955904
1693906276.8974085,62.5,6058733568
1693906276.9131026,50.0,6057963520
1693906276.928741,50.0,6068551680
1693906276.9442782,57.1,6068592640
1693906276.959901,55.6,6068613120
1693906276.975525,62.5,6068920320
1693906276.9911487,62.5,6069133312
1693906277.0067708,62.5,6068391936
1693906277.022396,50.0,6068850688
1693906277.0381,50.0,6068858880
1693906277.0536418,50.0,6068862976
1693906277.069345,50.0,6068830208
1693906277.0849695,50.0,6069092352
1693906277.1005125,62.5,6069211136
1693906277.1162074,50.0,6069649408
1693906277.1318274,50.0,6068838400
1693906277.1473842,50.0,6068789248
1693906277.1630063,62.5,6068862976
1693906277.17863,50.0,6069256192
1693906277.1942525,100.0,6070046720
1693906277.2254994,100.0,6070571008
1693906277.241125,88.9,6073098240
1693906277.2567468,87.5,6075109376
1693906277.2723703,75.0,6075707392
1693906277.2879915,71.4,6075850752
1693906277.3036156,66.7,6076452864
1693906277.3192377,75.0,6077960192
1693906277.3348606,62.5,6081908736
1693906277.3504896,75.0,6083649536
1693906277.3661096,62.5,6080892928
1693906277.3817327,100.0,6052343808
1693906277.3973556,75.0,6052524032
1693906277.41298,57.1,6053687296
1693906277.4286027,44.4,6057066496
1693906277.4442253,62.5,6057553920
1693906277.459851,50.0,6065422336
1693906277.475474,50.0,6064984064
1693906277.4910953,75.0,6067470336
1693906277.5067189,100.0,6093848576
1693906277.5223436,62.5,6093922304
1693906277.5379784,62.5,6089564160
1693906277.5535884,66.7,6089138176
1693906277.5692122,44.4,6089195520
1693906277.5848362,66.7,6091563008
1693906277.600459,87.5,6092263424
1693906277.6160834,50.0,6093254656
1693906277.6317098,37.5,6093725696
1693906277.647341,50.0,6096527360
1693906277.6629527,62.5,6097485824
1693906277.6785777,75.0,6098206720
1693906277.694199,62.5,6098755584
1693906277.709823,62.5,6097686528
1693906277.725445,50.0,6098731008
1693906277.7410674,57.1,6098886656
1693906277.756691,44.4,6099935232
1693906277.7723162,62.5,6099636224
1693906277.7879386,62.5,6100451328
1693906277.8035612,50.0,6103777280
1693906277.8191965,62.5,6104322048
1693906277.834809,87.5,6104629248
1693906277.850432,62.5,6105796608
1693906277.8660665,62.5,6106451968
1693906277.881749,50.0,6106750976
1693906277.8973014,62.5,6106030080
1693906277.9130018,50.0,6106116096
1693906277.928549,62.5,6113853440
1693906277.9441729,71.4,6114390016
1693906277.9598749,55.6,6113394688
1693906277.9754202,50.0,6113378304
1693906277.9910433,57.1,6113378304
1693906278.006666,66.7,6113509376
1693906278.0223224,50.0,6112559104
1693906278.0379884,50.0,6112346112
1693906278.0535357,50.0,6111805440
1693906278.0691595,50.0,6111981568
1693906278.0847855,50.0,6111981568
1693906278.1004086,50.0,6111981568
1693906278.1160302,100.0,6113214464
1693906278.131653,100.0,6113656832
1693906278.147276,75.0,6117445632
1693906278.1628993,100.0,6124261376
1693906278.1785243,75.0,6124539904
1693906278.1941473,75.0,6124630016
1693906278.2097712,75.0,6124232704
1693906278.2254627,75.0,6095208448
1693906278.241016,62.5,6099890176
1693906278.256639,62.5,6098591744
1693906278.2722623,75.0,6095548416
1693906278.287885,50.0,6095921152
1693906278.3035078,50.0,6096007168
1693906278.3191323,62.5,6095458304
1693906278.3347552,62.5,6095691776
1693906278.3503797,62.5,6096039936
1693906278.3660023,62.5,6095831040
1693906278.381625,50.0,6097293312
1693906278.397248,50.0,6095228928
1693906278.412874,62.5,6095413248
1693906278.428496,87.5,6098866176
1693906278.4441261,62.5,6100643840
1693906278.4598107,62.5,6100307968
1693906278.4754322,50.0,6100594688
1693906278.4910562,66.7,6101065728
1693906278.506612,50.0,6101364736
1693906278.5222814,37.5,6101364736
1693906278.5379279,50.0,6101381120
1693906278.5534828,75.0,6100328448
1693906278.5691059,57.1,6101037056
1693906278.5847297,55.6,6101204992
1693906278.6003547,62.5,6095806464
1693906278.6159756,50.0,6097117184
1693906278.6315992,62.5,6097162240
1693906278.6472228,62.5,6098079744
1693906278.6628458,62.5,6098014208
1693906278.6784697,50.0,6098399232
1693906278.694092,50.0,6099369984
1693906278.7097156,87.5,6098206720
1693906278.7253394,50.0,6094856192
1693906278.7409632,62.5,6098022400
1693906278.7565935,57.1,6098583552
1693906278.7722087,44.4,6099517440
1693906278.787831,50.0,6098862080
1693906278.803456,62.5,6098468864
1693906278.8190796,62.5,6098681856
1693906278.8347025,62.5,6098550784
1693906278.8503256,50.0,6100074496
1693906278.8659496,50.0,6099415040
1693906278.8815749,50.0,6099795968
1693906278.8971965,75.0,6095351808
1693906278.9128196,50.0,6094647296
1693906278.928449,57.1,6108803072
1693906278.9440641,50.0,6108831744
1693906278.9596877,55.6,6109876224
1693906278.975314,87.5,6108962816
1693906278.9909363,62.5,6109229056
1693906279.0065682,50.0,6109511680
1693906279.0221827,50.0,6109519872
1693906279.037805,50.0,6109532160
1693906279.053428,62.5,6109573120
1693906279.069053,100.0,6110482432
1693906279.0846765,100.0,6110609408
1693906279.1002998,87.5,6110699520
1693906279.1159241,100.0,6110453760
1693906279.1315467,75.0,6110236672
1693906279.1471698,57.1,6081355776
1693906279.1627917,80.0,6081994752
1693906279.178415,41.7,6083112960
1693906279.1940393,75.0,6089015296
1693906279.2096617,62.5,6089306112
1693906279.225285,50.0,6090440704
1693906279.2409096,75.0,6090088448
1693906279.2565327,50.0,6091018240
1693906279.2721553,50.0,6092283904
1693906279.2877781,62.5,6092193792
1693906279.3034015,62.5,6093504512
1693906279.3190262,75.0,6091874304
1693906279.3346503,75.0,6091743232
1693906279.3502724,71.4,6091055104
1693906279.3658955,55.6,6105305088
1693906279.3815198,50.0,6113873920
1693906279.3971438,100.0,6114074624
1693906279.412766,62.5,6113746944
1693906279.42839,57.1,6113730560
1693906279.4440124,50.0,6113968128
1693906279.459634,57.1,6115225600
1693906279.4752586,60.0,6116356096
1693906279.4908836,62.5,6120046592
1693906279.5065057,66.7,6119895040
1693906279.5221303,50.0,6120140800
1693906279.5377543,57.1,6121738240
1693906279.553377,55.6,6122364928
1693906279.5690002,50.0,6123765760
1693906279.584623,62.5,6126280704
1693906279.6002452,50.0,6126739456
1693906279.6158683,80.0,6129213440
1693906279.631492,50.0,6129618944
1693906279.647115,44.4,6129807360
1693906279.6627393,66.7,6132424704
1693906279.6783617,50.0,6132375552
1693906279.6939852,44.4,6131376128
1693906279.7096086,44.4,6131441664
1693906279.7252314,62.5,6131793920
1693906279.7408557,62.5,6132940800
1693906279.7564788,62.5,6129627136
1693906279.7721083,50.0,6130188288
1693906279.7877262,57.1,6130573312
1693906279.8033495,55.6,6130049024
1693906279.81898,62.5,6125727744
1693906279.8345957,62.5,6125039616
1693906279.8502185,66.7,6125445120
1693906279.8658419,40.0,6126206976
1693906279.8814642,50.0,6127468544
1693906279.8970883,62.5,6126784512
1693906279.9127111,50.0,6126297088
1693906279.9283354,87.5,6137446400
1693906279.9439595,57.1,6137167872
1693906279.9595838,55.6,6137171968
1693906279.9752069,87.5,6137425920
1693906279.9908297,100.0,6108938240
1693906280.0064528,87.5,6108405760
1693906280.0220773,62.5,6107947008
1693906280.0376992,62.5,6109057024
1693906280.0533228,62.5,6109122560
1693906280.068946,50.0,6110232576
1693906280.0845704,62.5,6113792000
1693906280.100194,50.0,6114430976
1693906280.1158175,62.5,6112747520
1693906280.1317458,88.9,6111895552
1693906280.1470647,57.1,6112288768
1693906280.1626894,55.6,6112260096
1693906280.178309,75.0,6113447936
1693906280.1939332,87.5,6111993856
1693906280.2095585,62.5,6112784384
1693906280.2251797,75.0,6114140160
1693906280.2408023,50.0,6113648640
1693906280.2564266,80.0,6109200384
1693906280.272118,45.5,6109446144
1693906280.287673,66.7,6110343168
1693906280.3032959,40.0,6112759808
1693906280.3189278,62.5,6113648640
1693906280.3345428,100.0,6114955264
1693906280.3501732,62.5,6114246656
1693906280.365789,50.0,6115545088
1693906280.3814125,62.5,6114885632
1693906280.3970392,50.0,6114668544
1693906280.412662,62.5,6115495936
1693906280.4282846,50.0,6116397056
1693906280.443907,50.0,6117089280
1693906280.4595284,66.7,6117470208
1693906280.4751546,50.0,6118150144
1693906280.4907773,62.5,6119100416
1693906280.506401,62.5,6121119744
1693906280.522025,50.0,6121672704
1693906280.5376477,62.5,6123749376
1693906280.5532694,62.5,6126858240
1693906280.5688925,71.4,6125944832
